{
  "best_length_parallel": 30.0,
  "best_length_cross": 6.0,
  "RMSE": 0.1560153196727616,
  "phys_pen": 0.02069448281270285,
  "score": 0.16636256107911304
}