{
  "MAE": 0.1662673260926783,
  "RMSE": 0.237756252830877,
  "CRPS": 0.1290449773926796
}