{
  "MAE": 0.1472924494941627,
  "RMSE": 0.1957080186277734,
  "CRPS": 0.12214281227131112
}